uid,pep,junc,n_valid_sample,wald_z_score,wald_p_value
"YGQSAFHYL,ENSG00000135903:E10.3-E11.1",YGQSAFHYL,ENSG00000135903:E10.3-E11.1,409,1.235222144,0.21674784
"TTMPSSQVL,ENSG00000164175:E2.3-E3.2",TTMPSSQVL,ENSG00000164175:E2.3-E3.2,381,1.807299623,0.070715575
"GSMDKVPFI,ENSG00000135903:E10.3-E11.1",GSMDKVPFI,ENSG00000135903:E10.3-E11.1,379,0.523009106,0.600967916
"SLYSYFQKV,ENSG00000164175:E5.3-E6.2",SLYSYFQKV,ENSG00000164175:E5.3-E6.2,378,2.216503829,0.026657016
"HAEQTRRAM,ENSG00000164175:E3.4-E4.2",HAEQTRRAM,ENSG00000164175:E3.4-E4.2,376,1.800910433,0.071716998
"YFQKVLVSY,ENSG00000164175:E5.3-E6.2",YFQKVLVSY,ENSG00000164175:E5.3-E6.2,358,2.267340259,0.023369448
"SVFSSLYSY,ENSG00000164175:E5.3-E6.2",SVFSSLYSY,ENSG00000164175:E5.3-E6.2,352,2.70980595,0.006732258
"SYPQIQNNL,ENSG00000180318:E3.1-E4.1",SYPQIQNNL,ENSG00000180318:E3.1-E4.1,352,0.165661834,0.868423083
"TGFGGALGY,ENSG00000164175:E2.3-E3.2",TGFGGALGY,ENSG00000164175:E2.3-E3.2,351,2.501555124,0.012364919