mutation_gene,n_samples,pval,adjp
OGFOD3,13,3.82E-05,0.272783716
CAMKK2,19,5.25E-05,0.272783716
ACE,56,0.00305804,0.357487136
PALMD,22,0.003794017,0.357487136
CEP350,35,0.001240149,0.357487136
PROM2,50,0.000457734,0.357487136
STAT4,40,0.003968346,0.357487136
DOCK10,24,0.000289835,0.357487136
QARS,12,0.000546601,0.357487136
