sample,peptide,uid,hla,binding_affinity,immunogenicity,n_sample
SRR5933726.Aligned.sortedByCoord.out.bed,SLAPQPLAL,ENSG00000181143:E138.1-E139.1,HLA-C*02:02,0.267,0.9917507171630859,14
SRR5933726.Aligned.sortedByCoord.out.bed,SLAPQPLAL,ENSG00000181143:E138.1-E139.1,HLA-C*16:01,0.403,0.9909228086471558,14
SRR5933726.Aligned.sortedByCoord.out.bed,RSESHPRAL,ENSG00000124193:E2.1-I2.1,HLA-C*02:02,0.754,0.6034059524536133,14
SRR5933726.Aligned.sortedByCoord.out.bed,RSESHPRAL,ENSG00000124193:E2.1-I2.1,HLA-C*16:01,0.098,0.43916165828704834,14
SRR5933726.Aligned.sortedByCoord.out.bed,NGFTHQSSM,ENSG00000181143:E141.1-E142.1,HLA-C*02:02,1.561,0.7201588153839111,14
SRR5933726.Aligned.sortedByCoord.out.bed,NGFTHQSSM,ENSG00000181143:E141.1-E142.1,HLA-C*16:01,0.521,0.7946109771728516,14
SRR5933726.Aligned.sortedByCoord.out.bed,NGFTHQSSM,ENSG00000181143:E141.1-E142.1,HLA-B*51:01,1.468,0.9217257499694824,14
SRR5933726.Aligned.sortedByCoord.out.bed,TASPLLVLF,ENSG00000181143:E143.1-E144.1,HLA-C*02:02,0.012,0.9696042537689209,14
SRR5933726.Aligned.sortedByCoord.out.bed,TASPLLVLF,ENSG00000181143:E143.1-E144.1,HLA-C*16:01,0.081,0.9623821973800659,14
